{"name":"b39a807d-bc86-4e73-9d3e-cca818291b51","id":"/providers/Microsoft.Flow/flows/b39a807d-bc86-4e73-9d3e-cca818291b51","type":"Microsoft.Flow/flows","properties":{"apiId":"/providers/Microsoft.PowerApps/apis/shared_logicflows","displayName":"OCRwithTAtoExcel","definition":{"metadata":{"workflowEntityId":null,"creator":{"id":"538843db-dbc1-4df9-8452-27431cd7f52d","type":"User","tenantId":"72f988bf-86f1-41af-91ab-2d7cd011db47"},"provisioningMethod":"FromDefinition","failureAlertSubscription":true,"clientLastModifiedTime":"2020-02-05T21:17:52.3394369Z"},"$schema":"https://schema.management.azure.com/providers/Microsoft.Logic/schemas/2016-06-01/workflowdefinition.json#","contentVersion":"1.0.0.0","parameters":{"$connections":{"defaultValue":{},"type":"Object"},"$authentication":{"defaultValue":{},"type":"SecureObject"}},"triggers":{"When_a_file_is_created_in_a_folder":{"recurrence":{"frequency":"Minute","interval":1},"metadata":{"%252fShared%2bDocuments%252fTest":"/Shared Documents/Test"},"type":"OpenApiConnection","inputs":{"host":{"apiId":"/providers/Microsoft.PowerApps/apis/shared_sharepointonline","connectionName":"shared_sharepointonline","operationId":"OnNewFile"},"parameters":{"dataset":"https://microsoft.sharepoint.com/teams/TextAnalyticsTeam","folderId":"%252fShared%2bDocuments%252fTest","inferContentType":true},"authentication":"@parameters('$authentication')"}}},"actions":{"Condition":{"actions":{"Optical_Character_Recognition_(OCR)_to_Text":{"runAfter":{},"type":"OpenApiConnection","inputs":{"host":{"apiId":"/providers/Microsoft.PowerApps/apis/shared_cognitiveservicescomputervision","connectionName":"shared_cognitiveservicescomputervision","operationId":"OCRTextV2"},"parameters":{"format":"Image Content","Image":"@triggerOutputs()?['body']"},"authentication":"@parameters('$authentication')"}},"Key_Phrases":{"runAfter":{"Optical_Character_Recognition_(OCR)_to_Text":["Succeeded"]},"type":"OpenApiConnection","inputs":{"host":{"apiId":"/providers/Microsoft.PowerApps/apis/shared_cognitiveservicestextanalytics","connectionName":"shared_cognitiveservicestextanalytics_1","operationId":"KeyPhrasesV2"},"parameters":{"input/text":"@outputs('Optical_Character_Recognition_(OCR)_to_Text')?['body/text']","input/language":"en"},"authentication":"@parameters('$authentication')"}},"Append_to_string_variable":{"runAfter":{"Key_Phrases":["Succeeded"]},"type":"AppendToStringVariable","inputs":{"name":"var_key_phrases","value":"@outputs('Key_Phrases')?['body/keyPhrases']"}},"Add_a_row_into_a_table":{"runAfter":{"Append_to_string_variable":["Succeeded"]},"metadata":{"01GQ5FVBUPOFWNWUCUG5DIWSOXB3652XAK":"/Text from OCR.xlsx","tableId":"{D8A30AF1-0208-46AB-89AF-CFF6FEE01995}"},"type":"OpenApiConnection","inputs":{"host":{"apiId":"/providers/Microsoft.PowerApps/apis/shared_excelonlinebusiness","connectionName":"shared_excelonlinebusiness","operationId":"AddRowV2"},"parameters":{"source":"me","drive":"b!h-MT7pRr8E27aOt1D3JMQwXpRJ4pmqdIgeNNBnmqIxnsSHE07fMZTbNrGNsgrx7h","file":"01GQ5FVBUPOFWNWUCUG5DIWSOXB3652XAK","table":"{D8A30AF1-0208-46AB-89AF-CFF6FEE01995}","item/Document Name":"@triggerOutputs()?['headers/x-ms-file-name-encoded']","item/OCR Text":"@outputs('Optical_Character_Recognition_(OCR)_to_Text')?['body/text']","item/KeyPhrases":"@variables('var_key_phrases')"},"authentication":"@parameters('$authentication')"}}},"runAfter":{"Initialize_variable_2":["Succeeded"]},"expression":{"contains":["@triggerOutputs()?['headers/Content-Type']","@variables('var_image_type')"]},"type":"If"},"Initialize_variable":{"runAfter":{},"type":"InitializeVariable","inputs":{"variables":[{"name":"var_image_type","type":"String","value":"jpeg"}]}},"Initialize_variable_2":{"runAfter":{"Initialize_variable":["Succeeded"]},"type":"InitializeVariable","inputs":{"variables":[{"name":"var_key_phrases","type":"String"}]}}}},"connectionReferences":{"shared_cognitiveservicescomputervision":{"connectionName":"483133bfadfc48cbbb14deb387fb34f2","source":"Embedded","id":"/providers/Microsoft.PowerApps/apis/shared_cognitiveservicescomputervision","tier":"NotSpecified"},"shared_cognitiveservicestextanalytics_1":{"connectionName":"shared-cognitiveserv-be4eabb9-4001-43e2-aff0-2e2ac42d5876","source":"Embedded","id":"/providers/Microsoft.PowerApps/apis/shared_cognitiveservicestextanalytics","tier":"NotSpecified"},"shared_excelonlinebusiness":{"connectionName":"shared-excelonlinebu-cc5a82f3-ddbb-4fd8-8133-af8476ec2f3f","source":"Embedded","id":"/providers/Microsoft.PowerApps/apis/shared_excelonlinebusiness","tier":"NotSpecified"},"shared_sharepointonline":{"connectionName":"shared-sharepointonl-e9a11ce1-97fd-4d42-9e91-5c45f9804f25","source":"Embedded","id":"/providers/Microsoft.PowerApps/apis/shared_sharepointonline","tier":"NotSpecified"}},"flowFailureAlertSubscribed":false}}